{
  "items": [
    {
      "type": "file",
      "ctime": 1695072162187,
      "path": "Encrypt-Decrypt-Cracking/MSF Venom Cheat Sheet.md"
    },
    {
      "type": "file",
      "ctime": 1695165516895,
      "path": "wireless attack/wireless hack exploit.md"
    },
    {
      "type": "file",
      "ctime": 1695202769277,
      "path": "Everything About LINUX/Essential Command Line setup linux guide.md"
    },
    {
      "type": "file",
      "ctime": 1695233336431,
      "path": "exploit from kali/Reverse Shell Cheat Sheet.md"
    },
    {
      "type": "file",
      "ctime": 1695334673105,
      "path": "Everything About LINUX/Transfer audio to pc.md"
    },
    {
      "type": "file",
      "ctime": 1699805840968,
      "path": "Docker/Containers restart - Stop - update.md"
    },
    {
      "type": "file",
      "ctime": 1699806005959,
      "path": "Docker/what if containner is stop  how to restart automitically containner.md"
    }
  ]
}