{
  "collapse-filter": true,
  "search": "",
  "showTags": true,
  "showAttachments": true,
  "hideUnresolved": false,
  "showOrphans": true,
  "collapse-color-groups": true,
  "colorGroups": [
    {
      "query": "tag:#dockerio  tag:#proxmox  ",
      "color": {
        "a": 1,
        "rgb": 14701138
      }
    },
    {
      "query": "tag:#exploit-tools  ",
      "color": {
        "a": 1,
        "rgb": 14725458
      }
    },
    {
      "query": "[\"published\":",
      "color": {
        "a": 1,
        "rgb": 11657298
      }
    },
    {
      "query": "tag:#cifs-nfs  ",
      "color": {
        "a": 1,
        "rgb": 5431378
      }
    },
    {
      "query": "tag:#shell  ",
      "color": {
        "a": 1,
        "rgb": 5431473
      }
    },
    {
      "query": "tag:#ebook  ",
      "color": {
        "a": 1,
        "rgb": 5419488
      }
    },
    {
      "query": "path:\"Everything About LINUX\"  ",
      "color": {
        "a": 1,
        "rgb": 5395168
      }
    },
    {
      "query": "path:\"Everything About MACBOOK\"  ",
      "color": {
        "a": 1,
        "rgb": 11621088
      }
    },
    {
      "query": "path:\"Everything About Windows\"  ",
      "color": {
        "a": 1,
        "rgb": 14701233
      }
    },
    {
      "query": "path:\"cybersecurity course\"  ",
      "color": {
        "a": 1,
        "rgb": 14701138
      }
    }
  ],
  "collapse-display": false,
  "showArrow": false,
  "textFadeMultiplier": 0.3,
  "nodeSizeMultiplier": 1,
  "lineSizeMultiplier": 1,
  "collapse-forces": false,
  "centerStrength": 0.518713248970312,
  "repelStrength": 10,
  "linkStrength": 1,
  "linkDistance": 250,
  "scale": 0.05932617187500252,
  "close": true
}