{
  "workspaces": {
    "y3kh-final-layout": {
      "main": {
        "id": "d468923ab6e9d4aa",
        "type": "split",
        "children": [
          {
            "id": "2c085a99dbe38099",
            "type": "tabs",
            "children": [
              {
                "id": "703a7a5c0eeb1ff9",
                "type": "leaf",
                "pinned": true,
                "state": {
                  "type": "markdown",
                  "state": {
                    "file": "Home Page/Y3KH Home Page.md",
                    "mode": "preview",
                    "source": false
                  },
                  "pinned": true
                }
              }
            ]
          }
        ],
        "direction": "vertical"
      },
      "left": {
        "id": "fd55829a4c3490df",
        "type": "split",
        "children": [
          {
            "id": "e30180c41cc93bdb",
            "type": "tabs",
            "children": [
              {
                "id": "2fbca20e14c9b560",
                "type": "leaf",
                "state": {
                  "type": "file-explorer",
                  "state": {
                    "sortOrder": "alphabetical"
                  }
                }
              },
              {
                "id": "f10a431fe6c38cff",
                "type": "leaf",
                "state": {
                  "type": "bookmarks",
                  "state": {}
                }
              },
              {
                "id": "1ff655a936f1c179",
                "type": "leaf",
                "state": {
                  "type": "search",
                  "state": {
                    "query": "tag:#nmap",
                    "matchingCase": true,
                    "explainSearch": false,
                    "collapseAll": false,
                    "extraContext": false,
                    "sortOrder": "alphabetical"
                  }
                }
              },
              {
                "id": "ae3c195fb421f197",
                "type": "leaf",
                "state": {
                  "type": "recent-files",
                  "state": {}
                }
              }
            ]
          }
        ],
        "direction": "horizontal",
        "width": 299
      },
      "right": {
        "id": "2df5916a4c2d70c9",
        "type": "split",
        "children": [
          {
            "id": "3420863c06d14aa8",
            "type": "tabs",
            "dimension": 22.771317829457363,
            "children": [
              {
                "id": "32e6464c3d62623d",
                "type": "leaf",
                "state": {
                  "type": "file-properties",
                  "state": {
                    "file": "Home Page/Y3KH Home Page.md"
                  }
                }
              },
              {
                "id": "11ba6a91e5fcb861",
                "type": "leaf",
                "pinned": true,
                "state": {
                  "type": "graph",
                  "state": {},
                  "pinned": true
                }
              },
              {
                "id": "e455627c0380a222",
                "type": "leaf",
                "state": {
                  "type": "outline",
                  "state": {
                    "file": "Home Page/Y3KH Home Page.md"
                  }
                }
              },
              {
                "id": "0a2bed5f8b3c26c1",
                "type": "leaf",
                "state": {
                  "type": "all-properties",
                  "state": {
                    "sortOrder": "frequency"
                  }
                }
              },
              {
                "id": "6b4dd323cb7ef160",
                "type": "leaf",
                "state": {
                  "type": "backlink",
                  "state": {
                    "file": "Home Page/Y3KH Home Page.md",
                    "collapseAll": false,
                    "extraContext": false,
                    "sortOrder": "alphabetical",
                    "showSearch": false,
                    "searchQuery": "",
                    "backlinkCollapsed": false,
                    "unlinkedCollapsed": true
                  }
                }
              },
              {
                "id": "32e574b9003f9b29",
                "type": "leaf",
                "state": {
                  "type": "outgoing-link",
                  "state": {
                    "file": "Home Page/Y3KH Home Page.md",
                    "linksCollapsed": false,
                    "unlinkedCollapsed": true
                  }
                }
              },
              {
                "id": "67091fdf9989fecf",
                "type": "leaf",
                "state": {
                  "type": "advanced-tables-toolbar",
                  "state": {}
                }
              }
            ],
            "currentTab": 1
          },
          {
            "id": "df15b46c229be4ad",
            "type": "tabs",
            "dimension": 46.41472868217054,
            "children": [
              {
                "id": "9020f4fcc6739407",
                "type": "leaf",
                "state": {
                  "type": "tag",
                  "state": {
                    "sortOrder": "alphabetical",
                    "useHierarchy": true
                  }
                }
              }
            ]
          },
          {
            "id": "c7f44634a5222a78",
            "type": "tabs",
            "dimension": 30.813953488372093,
            "children": [
              {
                "id": "7cf79a0381f93f63",
                "type": "leaf",
                "state": {
                  "type": "calendar",
                  "state": {}
                }
              }
            ]
          }
        ],
        "direction": "horizontal",
        "width": 322
      },
      "left-ribbon": {
        "hiddenItems": {
          "homepage:Open homepage": false,
          "obsidian-calibre-plugin:Calibre": false,
          "graph:Open graph view": false,
          "workspaces:Manage workspace layouts": false,
          "daily-notes:Open today's daily note": false,
          "audio-recorder:Start/stop recording": false,
          "switcher:Open quick switcher": false,
          "canvas:Create new canvas": false,
          "templates:Insert template": false,
          "command-palette:Open command palette": false,
          "markdown-importer:Open format converter": false,
          "remotely-save:Remotely Save": false,
          "table-editor-obsidian:Advanced Tables Toolbar": false,
          "obsidian-projects:Open projects": false,
          "open-vscode:VSCode": false,
          "templater-obsidian:Templater": false,
          "obsidian-gallery:Gallery": false,
          "digitalgarden:Digital Garden Publication Center": false,
          "webpage-html-export:Export Vault to HTML": false,
          "obsidian-excalidraw-plugin:Create new drawing": false,
          "obsidian-audio-notes:Quick Audio Note with Transcription": false
        }
      },
      "active": "703a7a5c0eeb1ff9"
    }
  },
  "active": "y3kh-final-layout"
}